local_uri,tmdb_id,imdb_id,title,release_date,wikidata_uri,wikidata_label,wikidata_release_date,dbpedia_uri,search_method,matched_by,score,status
https://example.org/movie/1058424,1058424,tt27369017,Hope,07-15-26,http://www.wikidata.org/entity/Q117429496,Hope,05-17-26,http://dbpedia.org/resource/Hope_(2026_film),identifier,tmdb_id+imdb_id+release_year,1.00,approved
https://example.org/movie/1081003,1081003,tt8814476,Supergirl,06-24-26,http://www.wikidata.org/entity/Q116921951,Supergirl,06-22-26,http://dbpedia.org/resource/Supergirl_(2026_film),identifier,tmdb_id+imdb_id+release_year,1.00,approved
https://example.org/movie/1083381,1083381,tt26657236,Backrooms,05-27-26,http://www.wikidata.org/entity/Q125131076,Backrooms,05-07-26,http://dbpedia.org/resource/Backrooms_(film),identifier,tmdb_id+imdb_id+release_year,1.00,approved
https://example.org/movie/1084242,1084242,tt26443597,Zootopia 2,11-26-25,http://www.wikidata.org/entity/Q116764712,Zootopia 2,11-13-25,http://dbpedia.org/resource/Zootopia_2,identifier,tmdb_id+imdb_id+release_year,1.00,approved
https://example.org/movie/1084244,1084244,tt29355505,Toy Story 5,06-17-26,http://www.wikidata.org/entity/Q113641997,Toy Story 5,06-09-26,http://dbpedia.org/resource/Toy_Story_5,identifier,tmdb_id+imdb_id+release_year,1.00,approved
https://example.org/movie/1101383,1101383,tt27165187,The End of Oak Street,08-12-26,http://www.wikidata.org/entity/Q124804916,The End of Oak Street,08-09-26,http://dbpedia.org/resource/The_End_of_Oak_Street,identifier,tmdb_id+imdb_id+release_year,1.00,approved
https://example.org/movie/1101412,1101412,tt31192372,Fall 2: Deadpoint,09-01-26,http://www.wikidata.org/entity/Q136388712,Fall 2: Deadpoint,09-02-26,http://dbpedia.org/resource/Fall_2:_Deadpoint,identifier,tmdb_id+imdb_id+release_year,1.00,approved
https://example.org/movie/1108427,1108427,tt27419466,Moana,07-08-26,http://www.wikidata.org/entity/Q118996994,Moana,07-08-26,http://dbpedia.org/resource/Moana_(2026_film),identifier,tmdb_id+imdb_id+release_year,1.00,approved
https://example.org/movie/1127384,1127384,tt29516222,Deep Water,04-30-26,http://www.wikidata.org/entity/Q124526427,Deep Water,04-10-26,http://dbpedia.org/resource/Deep_Water_(2026_film),identifier,tmdb_id+imdb_id+release_year,1.00,approved
https://example.org/movie/1130948,1130948,tt27844906,Rosebush Pruning,04-23-26,http://www.wikidata.org/entity/Q130369934,Rosebush Pruning,02-14-26,http://dbpedia.org/resource/Rosebush_Pruning,identifier,tmdb_id+imdb_id+release_year,1.00,approved
https://example.org/movie/1137844,1137844,tt28014327,Mayday,09-03-26,http://www.wikidata.org/entity/Q124743667,Mayday,09-04-26,http://dbpedia.org/resource/Mayday_(2026_film),identifier,tmdb_id+imdb_id+release_year,1.00,approved
https://example.org/movie/1184918,1184918,tt29623480,The Wild Robot,09-12-24,http://www.wikidata.org/entity/Q124378349,The Wild Robot,09-26-24,http://dbpedia.org/resource/The_Wild_Robot,identifier,tmdb_id+imdb_id+release_year,1.00,approved
https://example.org/movie/1185806,1185806,tt29356163,PAW Patrol: The Dino Movie,07-23-26,http://www.wikidata.org/entity/Q132802215,Paw Patrol: The Dino Movie,07-24-26,http://dbpedia.org/resource/Paw_Patrol:_The_Dino_Movie,identifier,tmdb_id+imdb_id+release_year,1.00,approved
https://example.org/movie/120,120,tt0120737,The Lord of the Rings: The Fellowship of the Ring,12-18-01,http://www.wikidata.org/entity/Q127367,The Lord of the Rings: The Fellowship of the Ring,12-19-01,http://dbpedia.org/resource/The_Lord_of_the_Rings:_The_Fellowship_of_the_Ring,identifier,tmdb_id+imdb_id+release_year,1.00,approved
https://example.org/movie/1204680,1204680,tt1756855,Coyote vs. Acme,08-20-26,http://www.wikidata.org/entity/Q106392679,Coyote vs. Acme,07-25-26,http://dbpedia.org/resource/Coyote_vs._Acme,identifier,tmdb_id+imdb_id+release_year,1.00,approved
https://example.org/movie/1212763,1212763,tt31170389,Evil Dead Burn,07-07-26,http://www.wikidata.org/entity/Q132731331,Evil Dead Burn,07-09-26,http://dbpedia.org/resource/Evil_Dead_Burn,identifier,tmdb_id+imdb_id+release_year,1.00,approved
https://example.org/movie/122,122,tt0167260,The Lord of the Rings: The Return of the King,12-17-03,http://www.wikidata.org/entity/Q131074,The Lord of the Rings: The Return of the King,12-01-03,http://dbpedia.org/resource/The_Lord_of_the_Rings:_The_Return_of_the_King,identifier,tmdb_id+imdb_id+release_year,1.00,approved
https://example.org/movie/1224993,1224993,tt32491690,Dark Nuns,01-24-25,http://www.wikidata.org/entity/Q131468788,Dark Nuns,01-24-25,http://dbpedia.org/resource/Dark_Nuns,identifier,tmdb_id+imdb_id+release_year,1.00,approved
https://example.org/movie/1226863,1226863,tt28650488,The Super Mario Galaxy Movie,04-01-26,http://www.wikidata.org/entity/Q124806421,The Super Mario Galaxy Movie,04-01-26,http://dbpedia.org/resource/The_Super_Mario_Galaxy_Movie,identifier,tmdb_id+imdb_id+release_year,1.00,approved
https://example.org/movie/1228710,1228710,tt30825738,The Mandalorian and Grogu,05-20-26,http://www.wikidata.org/entity/Q124246549,The Mandalorian and Grogu,05-14-26,http://dbpedia.org/resource/The_Mandalorian_and_Grogu,identifier,tmdb_id+imdb_id+release_year,1.00,approved
https://example.org/movie/1228834,1228834,tt9601292,The Fix,09-10-26,http://www.wikidata.org/entity/Q130367869,The Fix,,http://dbpedia.org/resource/The_Fix_(2026_film),identifier,tmdb_id+imdb_id+release_year_missing,0.50,review
https://example.org/movie/1232569,1232569,tt30887701,Pinocchio: Unstrung,07-22-26,http://www.wikidata.org/entity/Q124317046,Pinocchio: Unstrung,04-11-26,http://dbpedia.org/resource/Pinocchio_Unstrung,identifier,tmdb_id+imdb_id+release_year,1.00,approved
https://example.org/movie/1234821,1234821,tt31036941,Jurassic World Rebirth,06-23-25,http://www.wikidata.org/entity/Q124380480,Jurassic World Rebirth,07-02-25,http://dbpedia.org/resource/Jurassic_World_Rebirth,identifier,tmdb_id+imdb_id+release_year,1.00,approved
https://example.org/movie/1240889,1240889,tt35298123,Teenage Sex and Death at Camp Miasma,08-06-26,http://www.wikidata.org/entity/Q134434223,Teenage Sex and Death at Camp Miasma,05-13-26,http://dbpedia.org/resource/Teenage_Sex_and_Death_at_Camp_Miasma,identifier,tmdb_id+imdb_id+release_year,1.00,approved
https://example.org/movie/1273221,1273221,tt32093575,Scary Movie,06-03-26,http://www.wikidata.org/entity/Q131450198,Scary Movie,06-04-26,http://dbpedia.org/resource/Scary_Movie_(2026_film),identifier,tmdb_id+imdb_id+release_year,1.00,approved
https://example.org/movie/1275779,1275779,tt15047880,Disclosure Day,06-10-26,http://www.wikidata.org/entity/Q126683577,Disclosure Day,06-10-26,http://dbpedia.org/resource/Disclosure_Day,identifier,tmdb_id+imdb_id+release_year,1.00,approved
https://example.org/movie/1280738,1280738,tt33311069,The Furious,06-10-26,http://www.wikidata.org/entity/Q125948183,The Furious,09-06-25,http://dbpedia.org/resource/The_Furious,identifier,tmdb_id+imdb_id+release_year_mismatch,0.00,rejected
https://example.org/movie/1284465,1284465,tt32273171,The Death of Robin Hood,06-18-26,http://www.wikidata.org/entity/Q125960231,The Death of Robin Hood,08-12-26,http://dbpedia.org/resource/The_Death_of_Robin_Hood,identifier,tmdb_id+imdb_id+release_year,1.00,approved
https://example.org/movie/1288059,1288059,tt32332915,I Want Your Sex,07-29-26,http://www.wikidata.org/entity/Q130646766,I Want Your Sex,01-23-26,http://dbpedia.org/resource/I_Want_Your_Sex_(film),identifier,tmdb_id+imdb_id+release_year,1.00,approved
https://example.org/movie/1288445,1288445,tt32338669,Mutiny,08-19-26,http://www.wikidata.org/entity/Q125878994,Mutiny,08-21-26,http://dbpedia.org/resource/Mutiny_(2026_film),identifier,tmdb_id+imdb_id+release_year,1.00,approved
https://example.org/movie/1294189,1294189,tt13611778,The Mongoose,10-29-26,http://www.wikidata.org/entity/Q132240256,The Mongoose,10-30-26,http://dbpedia.org/resource/The_Mongoose_(film),identifier,tmdb_id+imdb_id+release_year,1.00,approved
https://example.org/movie/1301421,1301421,tt32565993,The Sheep Detectives,04-30-26,http://www.wikidata.org/entity/Q126405648,The Sheep Detectives,05-07-26,http://dbpedia.org/resource/The_Sheep_Detectives,identifier,tmdb_id+imdb_id+release_year,1.00,approved
https://example.org/movie/1302904,1302904,tt32588798,Practical Magic 2,09-09-26,http://www.wikidata.org/entity/Q131901398,Practical Magic 2,08-26-26,http://dbpedia.org/resource/Practical_Magic_2,identifier,tmdb_id+imdb_id+release_year,1.00,approved
https://example.org/movie/1311031,1311031,tt32820897,Demon Slayer: Kimetsu no Yaiba Infinity Castle,07-18-25,http://www.wikidata.org/entity/Q126948105,Demon Slayer: Kimetsu no Yaiba – Infinity Castle,07-28-25,http://dbpedia.org/resource/Demon_Slayer:_Kimetsu_no_Yaiba_%E2%80%93_The_Movie:_Infinity_Castle,identifier,tmdb_id+imdb_id+release_year,1.00,approved
https://example.org/movie/1315772,1315772,tt32890033,Minions & Monsters,06-24-26,http://www.wikidata.org/entity/Q127605787,Minions & Monsters,06-24-26,http://dbpedia.org/resource/Minions_%26_Monsters,identifier,tmdb_id+imdb_id+release_year,1.00,approved
https://example.org/movie/1318467,1318467,tt33253206,The Last Kiss,09-15-26,http://www.wikidata.org/entity/Q141430687,The Last Kiss,09-15-26,http://dbpedia.org/resource/The_Last_Kiss_(2026_film),identifier,tmdb_id+imdb_id+release_year,1.00,approved
https://example.org/movie/1327819,1327819,tt26443616,Hoppers,03-04-26,http://www.wikidata.org/entity/Q128798957,Hoppers,02-28-26,http://dbpedia.org/resource/Hoppers_(film),identifier,tmdb_id+imdb_id+release_year,1.00,approved
https://example.org/movie/1339713,1339713,tt37287335,Obsession,05-13-26,http://www.wikidata.org/entity/Q136163067,Obsession,05-13-26,http://dbpedia.org/resource/Obsession_(2025_film),identifier,tmdb_id+imdb_id+release_year,1.00,approved
https://example.org/movie/1368337,1368337,tt33764258,The Odyssey,07-15-26,http://www.wikidata.org/entity/Q131547207,The Odyssey,07-06-26,http://dbpedia.org/resource/The_Odyssey_(2026_film),identifier,tmdb_id+imdb_id+release_year,1.00,approved
https://example.org/movie/1375646,1375646,tt34385135,Colony,05-21-26,http://www.wikidata.org/entity/Q134285034,Colony,05-15-26,http://dbpedia.org/resource/Colony_(2026_film),identifier,tmdb_id+imdb_id+release_year,1.00,approved
https://example.org/movie/1377237,1377237,tt31349844,Runner,09-07-26,http://www.wikidata.org/entity/Q133809675,Runner,09-10-26,http://dbpedia.org/resource/Runner_(2026_American_film),identifier,tmdb_id+imdb_id+release_year,1.00,approved
https://example.org/movie/1386238,1386238,tt21220878,Black Gold,12-06-24,http://www.wikidata.org/entity/Q130466107,Black Gold,01-01-24,,title+release_year,title+release_year,0.90,review
https://example.org/movie/1386315,1386315,tt34564059,The Runner,09-03-26,http://www.wikidata.org/entity/Q134107888,The Runner,09-02-26,http://dbpedia.org/resource/The_Runner_(2026_film),identifier,tmdb_id+imdb_id+release_year,1.00,approved
https://example.org/movie/1393326,1393326,tt9000310,Ghost in the Cell,04-16-26,http://www.wikidata.org/entity/Q135472680,Ghost in the Cell,01-01-26,http://dbpedia.org/resource/Ghost_in_the_Cell,identifier,tmdb_id+imdb_id+release_year,1.00,approved
https://example.org/movie/1408162,1408162,tt35836025,Vishwanath & Sons,08-14-26,http://www.wikidata.org/entity/Q135094933,Vishwanath & Sons,08-14-26,http://dbpedia.org/resource/Vishwanath_%26_Sons,identifier,tmdb_id+imdb_id+release_year,1.00,approved
https://example.org/movie/1419406,1419406,tt34610311,The Shadow's Edge,08-16-25,http://www.wikidata.org/entity/Q135919148,The Shadow's Edge,08-08-25,http://dbpedia.org/resource/The_Shadow's_Edge,identifier,tmdb_id+imdb_id+release_year,1.00,approved
https://example.org/movie/1423191,1423191,tt35538033,Resident Evil,09-16-26,http://www.wikidata.org/entity/Q136565785,Resident Evil,09-15-26,http://dbpedia.org/resource/Resident_Evil_(2026_film),identifier,tmdb_id+imdb_id+release_year,1.00,approved
https://example.org/movie/1440098,1440098,tt36073210,Drawn Together,09-09-26,http://www.wikidata.org/entity/Q140958739,Drawn Together,09-09-26,http://dbpedia.org/resource/Drawn_Together_(film),identifier,tmdb_id+imdb_id+release_year,1.00,approved
https://example.org/movie/1506560,1506560,tt37752275,Clash of the Thundermans,09-03-26,http://www.wikidata.org/entity/Q140670111,Clash of the Thundermans,01-01-26,,title+release_year,title+release_year,0.90,review
https://example.org/movie/1514682,1514682,tt37603783,Above & Below,07-29-26,http://www.wikidata.org/entity/Q140484495,Above & Below,07-29-26,http://dbpedia.org/resource/Above_%26_Below,identifier,tmdb_id+imdb_id+release_year,1.00,approved
https://example.org/movie/1514863,1514863,tt16478058,Best of the Best,09-18-26,http://www.wikidata.org/entity/Q141520590,Best of the Best,09-18-26,http://dbpedia.org/resource/Best_of_the_Best_(2026_film),identifier,tmdb_id+imdb_id+release_year,1.00,approved
https://example.org/movie/1516698,1516698,tt37654096,The Last Sunrise,08-26-26,http://www.wikidata.org/entity/Q136807764,The Last Sunrise,08-26-26,http://dbpedia.org/resource/The_Last_Sunrise,identifier,tmdb_id+imdb_id+release_year,1.00,approved
https://example.org/movie/155,155,tt0468569,The Dark Knight,07-16-08,http://www.wikidata.org/entity/Q163872,The Dark Knight,07-18-08,http://dbpedia.org/resource/The_Dark_Knight,identifier,tmdb_id+imdb_id+release_year,1.00,approved
https://example.org/movie/1560520,1560520,tt32333324,Batman: Knightfall Part 1: Knightfall,06-23-26,http://www.wikidata.org/entity/Q141503933,Batman: Knightfall Part 1: Knightfall,08-25-26,,identifier,tmdb_id+imdb_id+release_year,1.00,review
https://example.org/movie/157336,157336,tt0816692,Interstellar,11-05-14,http://www.wikidata.org/entity/Q13417189,Interstellar,10-26-14,http://dbpedia.org/resource/Interstellar_(film),identifier,tmdb_id+imdb_id+release_year,1.00,approved
https://example.org/movie/1594914,1594914,tt19035928,Lucky Strike,06-26-26,http://www.wikidata.org/entity/Q140003925,Lucky Strike,06-26-26,http://dbpedia.org/resource/Lucky_Strike_(2026_film),identifier,tmdb_id+imdb_id+release_year,1.00,approved
https://example.org/movie/1599993,1599993,tt34224947,Animals,02-05-26,http://www.wikidata.org/entity/Q124359083,Animals,10-09-26,http://dbpedia.org/resource/Animals_(2026_film),title+release_year,title+release_year,0.90,review
https://example.org/movie/1621552,1621552,tt39390497,Facing El Chapo,08-21-26,http://www.wikidata.org/entity/Q141165617,La Captura,08-21-26,http://dbpedia.org/resource/Facing_El_Chapo,identifier,tmdb_id+imdb_id+release_year,1.00,approved
https://example.org/movie/1641629,1641629,tt43617372,You+Me - Against the World,09-18-26,http://www.wikidata.org/entity/Q140465273,You+Me – Against the World,09-18-26,,identifier,tmdb_id+imdb_id+release_year,1.00,review
https://example.org/movie/1656489,1656489,tt41228546,Sultana,04-17-26,http://www.wikidata.org/entity/Q141491417,Sultana,,,identifier,tmdb_id+imdb_id+release_year_missing,0.50,review
https://example.org/movie/19995,19995,tt0499549,Avatar,12-16-09,http://www.wikidata.org/entity/Q24871,Avatar,12-16-09,http://dbpedia.org/resource/Avatar_(2009_film),identifier,tmdb_id+imdb_id+release_year,1.00,approved
https://example.org/movie/218,218,tt0088247,The Terminator,10-26-84,http://www.wikidata.org/entity/Q162255,The Terminator,10-26-84,http://dbpedia.org/resource/The_Terminator,identifier,tmdb_id+imdb_id+release_year,1.00,approved
https://example.org/movie/238,238,tt0068646,The Godfather,03-14-72,http://www.wikidata.org/entity/Q47703,The Godfather,03-15-72,http://dbpedia.org/resource/The_Godfather,identifier,tmdb_id+imdb_id+release_year,1.00,approved
https://example.org/movie/24428,24428,tt0848228,The Avengers,04-25-12,http://www.wikidata.org/entity/Q182218,The Avengers,04-25-12,http://dbpedia.org/resource/The_Avengers_(2012_film),identifier,tmdb_id+imdb_id+release_year,1.00,approved
https://example.org/movie/264980,264980,tt0068986,Loves of a French Pussycat,03-09-72,http://www.wikidata.org/entity/Q1169889,Loves of a French Pussycat,03-09-72,,identifier,tmdb_id+imdb_id+release_year,1.00,review
https://example.org/movie/27205,27205,tt1375666,Inception,07-15-10,http://www.wikidata.org/entity/Q25188,Inception,07-08-10,http://dbpedia.org/resource/Inception,identifier,tmdb_id+imdb_id+release_year,1.00,approved
https://example.org/movie/278,278,tt0111161,The Shawshank Redemption,09-23-94,http://www.wikidata.org/entity/Q172241,The Shawshank Redemption,09-10-94,http://dbpedia.org/resource/The_Shawshank_Redemption,identifier,tmdb_id+imdb_id+release_year,1.00,approved
https://example.org/movie/299534,299534,tt4154796,Avengers: Endgame,04-24-19,http://www.wikidata.org/entity/Q23781155,Avengers: Endgame,04-22-19,http://dbpedia.org/resource/Avengers:_Endgame,identifier,tmdb_id+imdb_id+release_year,1.00,approved
https://example.org/movie/299536,299536,tt4154756,Avengers: Infinity War,04-25-18,http://www.wikidata.org/entity/Q23780914,Avengers: Infinity War,04-25-18,http://dbpedia.org/resource/Avengers:_Infinity_War,identifier,tmdb_id+imdb_id+release_year,1.00,approved
https://example.org/movie/414906,414906,tt1877830,The Batman,03-01-22,http://www.wikidata.org/entity/Q61117344,The Batman,02-23-22,http://dbpedia.org/resource/The_Batman_(film),identifier,tmdb_id+imdb_id+release_year,1.00,approved
https://example.org/movie/454639,454639,tt0427340,Masters of the Universe,06-03-26,http://www.wikidata.org/entity/Q112040381,Masters of the Universe,05-18-26,http://dbpedia.org/resource/Masters_of_the_Universe_(2026_film),identifier,tmdb_id+imdb_id+release_year,1.00,approved
https://example.org/movie/460458,460458,tt6920084,Resident Evil: Welcome to Raccoon City,11-24-21,http://www.wikidata.org/entity/Q101069738,Resident Evil: Welcome to Raccoon City,11-19-21,http://dbpedia.org/resource/Resident_Evil:_Welcome_to_Raccoon_City,identifier,tmdb_id+imdb_id+release_year,1.00,approved
https://example.org/movie/533535,533535,tt6263850,Deadpool & Wolverine,07-24-24,http://www.wikidata.org/entity/Q102180106,Deadpool & Wolverine,07-24-24,http://dbpedia.org/resource/Deadpool_%26_Wolverine,identifier,tmdb_id+imdb_id+release_year,1.00,approved
https://example.org/movie/569094,569094,tt9362722,Spider-Man: Across the Spider-Verse,05-31-23,http://www.wikidata.org/entity/Q76448600,Spider-Man: Across the Spider-Verse,06-01-23,http://dbpedia.org/resource/Spider-Man:_Across_the_Spider-Verse,identifier,tmdb_id+imdb_id+release_year,1.00,approved
https://example.org/movie/603,603,tt0133093,The Matrix,03-31-99,http://www.wikidata.org/entity/Q83495,The Matrix,03-31-99,http://dbpedia.org/resource/The_Matrix,identifier,tmdb_id+imdb_id+release_year,1.00,approved
https://example.org/movie/634649,634649,tt10872600,Spider-Man: No Way Home,12-15-21,http://www.wikidata.org/entity/Q68934496,Spider-Man: No Way Home,12-15-21,http://dbpedia.org/resource/Spider-Man:_No_Way_Home,identifier,tmdb_id+imdb_id+release_year,1.00,approved
https://example.org/movie/634649,634649,tt10872600,Spider-Man: No Way Home,12-15-21,http://www.wikidata.org/entity/Q113471777,Spider-Man: No Way Home - The More Fun Stuff Version,09-07-22,,identifier,tmdb_id+imdb_id+release_year_mismatch,0.00,rejected
https://example.org/movie/6435,6435,tt0120791,Practical Magic,10-16-98,http://www.wikidata.org/entity/Q148429,Practical Magic,10-16-98,http://dbpedia.org/resource/Practical_Magic,identifier,tmdb_id+imdb_id+release_year,1.00,approved
https://example.org/movie/671,671,tt0241527,Harry Potter and the Philosopher's Stone,11-16-01,http://www.wikidata.org/entity/Q102438,Harry Potter and the Philosopher's Stone,11-04-01,http://dbpedia.org/resource/Harry_Potter_and_the_Philosopher's_Stone_(film),identifier,tmdb_id+imdb_id+release_year,1.00,approved
https://example.org/movie/687163,687163,tt12042730,Project Hail Mary,03-15-26,http://www.wikidata.org/entity/Q107105860,Project Hail Mary,03-18-26,http://dbpedia.org/resource/Project_Hail_Mary_(film),identifier,tmdb_id+imdb_id+release_year,1.00,approved
https://example.org/movie/693134,693134,tt15239678,Dune: Part Two,02-27-24,http://www.wikidata.org/entity/Q109228991,Dune: Part Two,02-27-24,http://dbpedia.org/resource/Dune:_Part_Two,identifier,tmdb_id+imdb_id+release_year,1.00,approved
https://example.org/movie/755898,755898,tt13186306,War of the Worlds,07-29-25,http://www.wikidata.org/entity/Q135458343,War of the Worlds,07-30-25,http://dbpedia.org/resource/War_of_the_Worlds_(2025_film),identifier,tmdb_id+imdb_id+release_year,1.00,approved
https://example.org/movie/76341,76341,tt1392190,Mad Max: Fury Road,05-13-15,http://www.wikidata.org/entity/Q1757288,Mad Max: Fury Road,05-13-15,http://dbpedia.org/resource/Mad_Max:_Fury_Road,identifier,tmdb_id+imdb_id+release_year,1.00,approved
https://example.org/movie/813418,813418,tt14119302,Hot Spot,08-21-26,http://www.wikidata.org/entity/Q138857118,Hot Spot,07-24-26,http://dbpedia.org/resource/Hot_Spot_(2026_film),identifier,tmdb_id+imdb_id+release_year,1.00,approved
https://example.org/movie/822119,822119,tt14513804,Captain America: Brave New World,02-12-25,http://www.wikidata.org/entity/Q112322116,Captain America: Brave New World,02-12-25,http://dbpedia.org/resource/Captain_America:_Brave_New_World,identifier,tmdb_id+imdb_id+release_year,1.00,approved
https://example.org/movie/83533,83533,tt1757678,Avatar: Fire and Ash,12-17-25,http://www.wikidata.org/entity/Q29580929,Avatar: Fire and Ash,12-01-25,http://dbpedia.org/resource/Avatar:_Fire_and_Ash,identifier,tmdb_id+imdb_id+release_year,1.00,approved
https://example.org/movie/860508,860508,tt11561116,The Whisper Man,08-27-26,http://www.wikidata.org/entity/Q133852597,The Whisper Man,08-28-26,http://dbpedia.org/resource/The_Whisper_Man,identifier,tmdb_id+imdb_id+release_year,1.00,approved
https://example.org/movie/872585,872585,tt15398776,Oppenheimer,07-19-23,http://www.wikidata.org/entity/Q108839994,Oppenheimer,07-20-23,http://dbpedia.org/resource/Oppenheimer_(film),identifier,tmdb_id+imdb_id+release_year,1.00,approved
https://example.org/movie/936075,936075,tt11378946,Michael,04-22-26,http://www.wikidata.org/entity/Q116677364,Michael,04-10-26,http://dbpedia.org/resource/Michael_(2026_film),identifier,tmdb_id+imdb_id+release_year,1.00,approved
https://example.org/movie/969681,969681,tt22084616,Spider-Man: Brand New Day,07-29-26,http://www.wikidata.org/entity/Q113244935,Spider-Man: Brand New Day,07-29-26,http://dbpedia.org/resource/Spider-Man:_Brand_New_Day,identifier,tmdb_id+imdb_id+release_year,1.00,approved
https://example.org/movie/980431,980431,tt18259538,Avatar Aang: The Last Airbender,07-24-26,http://www.wikidata.org/entity/Q125447555,Avatar Aang: The Last Airbender,07-25-26,http://dbpedia.org/resource/Avatar_Aang:_The_Last_Airbender,identifier,tmdb_id+imdb_id+release_year,1.00,approved
